-- phpMyAdmin SQL Dump
-- version 5.2.1
-- https://www.phpmyadmin.net/
--
-- Host: 127.0.0.1
-- Generation Time: Aug 03, 2023 at 04:42 AM
-- Server version: 10.4.28-MariaDB
-- PHP Version: 8.2.4

SET SQL_MODE = "NO_AUTO_VALUE_ON_ZERO";
START TRANSACTION;
SET time_zone = "+00:00";


/*!40101 SET @OLD_CHARACTER_SET_CLIENT=@@CHARACTER_SET_CLIENT */;
/*!40101 SET @OLD_CHARACTER_SET_RESULTS=@@CHARACTER_SET_RESULTS */;
/*!40101 SET @OLD_COLLATION_CONNECTION=@@COLLATION_CONNECTION */;
/*!40101 SET NAMES utf8mb4 */;

--
-- Database: `ema`
--

-- --------------------------------------------------------

--
-- Table structure for table `kriteria`
--

CREATE TABLE `kriteria` (
  `id_kriteria` char(10) NOT NULL,
  `nama_kriteria` varchar(250) NOT NULL
) ENGINE=InnoDB DEFAULT CHARSET=utf8mb4 COLLATE=utf8mb4_general_ci;

--
-- Dumping data for table `kriteria`
--

INSERT INTO `kriteria` (`id_kriteria`, `nama_kriteria`) VALUES
('k-1', 'Berat Badan Pengguna'),
('k-2', 'CC motor'),
('k-3', 'Kecepatan Maksimal'),
('k-4', 'Kapasitas tengki'),
('k-5', 'Harga Motor'),
('k-6', 'Tinggi Badan'),
('k-7', 'Jarak Pengguna'),
('k-8', 'kondisi jalan yang dilalui');

-- --------------------------------------------------------

--
-- Table structure for table `kriteria_motor`
--

CREATE TABLE `kriteria_motor` (
  `id_kriteria_motor` char(10) NOT NULL,
  `range_atas_m` varchar(20) NOT NULL,
  `range_bawah_m` varchar(20) NOT NULL,
  `id_kriteria` char(19) NOT NULL,
  `id_motor` char(10) NOT NULL
) ENGINE=InnoDB DEFAULT CHARSET=utf8mb4 COLLATE=utf8mb4_general_ci;

--
-- Dumping data for table `kriteria_motor`
--

INSERT INTO `kriteria_motor` (`id_kriteria_motor`, `range_atas_m`, `range_bawah_m`, `id_kriteria`, `id_motor`) VALUES
('km-10', '59', '<', 'k-1', 'm-5'),
('km-100', '160', '', 'k-2', 'm-16'),
('km-101', '99', '>', 'k-1', 'm-16'),
('km-102', '82', '', 'k-3', 'm-16'),
('km-103', '8', '', 'k-4', 'm-16'),
('km-104', '146', '>', 'k-6', 'm-16'),
('km-105', '45', '80', 'k-7', 'm-16'),
('km-106', '0', 'tanjakan, turunan', 'k-8', 'm-16'),
('km-107', '99', '>', 'k-1', 'm-17'),
('km-108', '160', '', 'k-2', 'm-17'),
('km-109', '95', '', 'k-3', 'm-17'),
('km-11', '105', '', 'k-3', 'm-5'),
('km-110', '8', '', 'k-4', 'm-17'),
('km-111', '45340000', '', 'k-5', 'm-17'),
('km-112', '146', '>', 'k-6', 'm-17'),
('km-113', '45', '80', 'k-7', 'm-17'),
('km-114', '0', 'tanjakan, turunan', 'k-8', 'm-17'),
('km-115', '31450000', '', 'k-5', 'm-18'),
('km-116', '99', '>', 'k-1', 'm-18'),
('km-117', '160', '', 'k-2', 'm-18'),
('km-118', '5', '', 'k-4', 'm-18'),
('km-119', '146', '>', 'k-6', 'm-18'),
('km-12', '110', '', 'k-2', 'm-5'),
('km-120', '45', '80', 'k-7', 'm-18'),
('km-121', '0', 'tanjakan, turunan', 'k-8', 'm-18'),
('km-122', '128', '', 'k-3', 'm-18'),
('km-123', '69', '>', 'k-1', 'm-19'),
('km-124', '155', '', 'k-2', 'm-19'),
('km-125', '105', '', 'k-3', 'm-19'),
('km-126', '5', '', 'k-4', 'm-19'),
('km-127', '28090000', '', 'k-5', 'm-19'),
('km-128', '146', '>', 'k-6', 'm-19'),
('km-129', '35', '65', 'k-7', 'm-19'),
('km-13', '4', '', 'k-4', 'm-5'),
('km-130', '0', 'batu-batuan', 'k-8', 'm-19'),
('km-131', '99', '>', 'k-1', 'm-20'),
('km-132', '160', '', 'k-2', 'm-20'),
('km-133', '128', '', 'k-3', 'm-20'),
('km-134', '5', '', 'k-4', 'm-20'),
('km-135', '34110000', '', 'k-5', 'm-20'),
('km-136', '146', '>', 'k-6', 'm-20'),
('km-137', '45', '80', 'k-7', 'm-20'),
('km-138', '0', 'tanjakan, turunan', 'k-8', 'm-20'),
('km-139', '69', '>', 'k-1', 'm-21'),
('km-14', '145', '<', 'k-6', 'm-5'),
('km-140', '125', '', 'k-2', 'm-21'),
('km-141', '105', '', 'k-3', 'm-21'),
('km-142', '5', '', 'k-4', 'm-21'),
('km-143', '27940000', '', 'k-5', 'm-21'),
('km-144', '145', '<', 'k-6', 'm-21'),
('km-145', '25', '60', 'k-7', 'm-21'),
('km-146', '0', 'batu-batuan', 'k-8', 'm-21'),
('km-147', '69', '>', 'k-1', 'm-22'),
('km-148', '110', '', 'k-2', 'm-22'),
('km-149', '108', '', 'k-3', 'm-22'),
('km-15', '15', '40', 'k-7', 'm-5'),
('km-150', '4', '', 'k-4', 'm-22'),
('km-151', '19700000', '', 'k-5', 'm-22'),
('km-152', '145', '', 'k-6', 'm-22'),
('km-153', '15', '40', 'k-7', 'm-22'),
('km-154', 'batu-batuan', '', 'k-8', 'm-22'),
('km-155', '69', '>', 'k-1', 'm-23'),
('km-156', '110', '', 'k-2', 'm-23'),
('km-157', '110', '', 'k-3', 'm-23'),
('km-158', '4', '', 'k-4', 'm-23'),
('km-159', '21470000', '', 'k-5', 'm-23'),
('km-16', '59', '<', 'k-1', 'm-6'),
('km-160', '145', '', 'k-6', 'm-23'),
('km-161', '15', '40', 'k-7', 'm-23'),
('km-162', '0', 'batu-batuan', 'k-8', 'm-23'),
('km-163', '59', '<', 'k-1', 'm-24'),
('km-164', '125', '', 'k-2', 'm-24'),
('km-165', '118', '', 'k-3', 'm-24'),
('km-166', '4', '', 'k-4', 'm-24'),
('km-167', '22470000', '', 'k-5', 'm-24'),
('km-168', '145', '<', 'k-6', 'm-24'),
('km-169', '25', '60', 'k-7', 'm-24'),
('km-17', '110', '', 'k-2', 'm-6'),
('km-170', '0', 'rata', 'k-8', 'm-24'),
('km-171', '59', '<', 'k-1', 'm-25'),
('km-172', '125', '', 'k-2', 'm-25'),
('km-173', '110', '', 'k-3', 'm-25'),
('km-174', '22470000', '', 'k-5', 'm-25'),
('km-175', '4', '', 'k-4', 'm-25'),
('km-176', '145', '<', 'k-6', 'm-25'),
('km-177', '25', '60', 'k-7', 'm-25'),
('km-178', '0', 'rata', 'k-8', 'm-25'),
('km-179', '69', '>', 'k-1', 'm-26'),
('km-18', '105', '', 'k-3', 'm-6'),
('km-180', '150', '', 'k-2', 'm-26'),
('km-181', '140', '', 'k-3', 'm-26'),
('km-182', '6', '', 'k-4', 'm-26'),
('km-183', '28830000', '', 'k-5', 'm-26'),
('km-184', '146', '>', 'k-6', 'm-26'),
('km-185', '35', '65', 'k-7', 'm-26'),
('km-186', '0', 'batu-batuan', 'k-8', 'm-26'),
('km-187', '69', '>', 'k-1', 'm-27'),
('km-188', '150', '', 'k-2', 'm-27'),
('km-189', '140', '', 'k-3', 'm-27'),
('km-19', '4', '', 'k-4', 'm-6'),
('km-190', '6', '', 'k-4', 'm-27'),
('km-191', '29080000', '', 'k-5', 'm-27'),
('km-192', '146', '>', 'k-6', 'm-27'),
('km-193', '35', '65', 'k-7', 'm-27'),
('km-194', '0', 'batu-batuan', 'k-8', 'm-27'),
('km-195', '69', '>', 'k-1', 'm-28'),
('km-196', '150', '', 'k-2', 'm-28'),
('km-197', '124', '', 'k-3', 'm-28'),
('km-198', '5', '', 'k-4', 'm-28'),
('km-199', '28510000', '', 'k-5', 'm-28'),
('km-2', '99', '>', 'k-6', 'm-85'),
('km-20', '145', '<', 'k-6', 'm-6'),
('km-200', '146', '>', 'k-6', 'm-28'),
('km-201', '25', '65', 'k-7', 'm-28'),
('km-202', '0', 'batu-batuan', 'k-8', 'm-28'),
('km-203', '59', '<', 'k-1', 'm-29'),
('km-204', '125', '', 'k-2', 'm-29'),
('km-205', '124', '', 'k-3', 'm-29'),
('km-206', '5', '', 'k-4', 'm-29'),
('km-207', '28930000', '', 'k-5', 'm-29'),
('km-208', '146', '>', 'k-6', 'm-29'),
('km-209', '25', '60', 'k-7', 'm-29'),
('km-21', '15', '40', 'k-7', 'm-6'),
('km-210', '0', 'rata', 'k-8', 'm-29'),
('km-211', '69', '>', 'k-1', 'm-30'),
('km-212', '150', '', 'k-2', 'm-30'),
('km-213', '110', '', 'k-3', 'm-30'),
('km-214', '12', '', 'k-4', 'm-30'),
('km-215', '25170000', '', 'k-5', 'm-30'),
('km-216', '146', '>', 'k-6', 'm-30'),
('km-217', '35', '65', 'k-7', 'm-30'),
('km-218', '0', 'batu-batuan', 'k-8', 'm-30'),
('km-219', '69', '>', 'k-1', 'm-31'),
('km-22', '0', 'rata', 'k-8', 'm-6'),
('km-220', '150', '', 'k-2', 'm-31'),
('km-221', '110', '', 'k-3', 'm-31'),
('km-222', '12', '', 'k-4', 'm-31'),
('km-223', '25850000', '', 'k-5', 'm-31'),
('km-224', '146', '>', 'k-6', 'm-31'),
('km-225', '35', '65', 'k-7', 'm-31'),
('km-226', '0', 'batu-batuan', 'k-8', 'm-31'),
('km-227', '69', '>', 'k-1', 'm-32'),
('km-228', '150', '', 'k-2', 'm-32'),
('km-229', '135', '', 'k-3', 'm-32'),
('km-23', '59', '<', 'k-1', 'm-7'),
('km-230', '12', '', 'k-4', 'm-32'),
('km-231', '35200000', '', 'k-5', 'm-32'),
('km-232', '146', '>', 'k-6', 'm-32'),
('km-233', '35', '65', 'k-7', 'm-32'),
('km-234', '0', 'batu-batuan', 'k-8', 'm-32'),
('km-235', '69', '>', 'k-1', 'm-33'),
('km-236', '150', '', 'k-2', 'm-33'),
('km-237', '135', '', 'k-3', 'm-33'),
('km-238', '12', '', 'k-4', 'm-33'),
('km-239', '34120000', '', 'k-5', 'm-33'),
('km-24', '110', '', 'k-2', 'm-7'),
('km-240', '146', '>', 'k-6', 'm-33'),
('km-241', '35', '65', 'k-7', 'm-33'),
('km-242', '0', '', 'k-8', 'm-33'),
('km-243', '69', '>', 'k-1', 'm-34'),
('km-244', '150', '', 'k-2', 'm-34'),
('km-245', '114', '', 'k-3', 'm-34'),
('km-246', '12', '', 'k-4', 'm-34'),
('km-247', '37950000', '', 'k-5', 'm-34'),
('km-248', '146', '>', 'k-6', 'm-34'),
('km-249', '35', '65', 'k-7', 'm-34'),
('km-25', '94', '', 'k-3', 'm-7'),
('km-250', '0', 'batu-batuan', 'k-8', 'm-34'),
('km-251', '69', '>', 'k-1', 'm-35'),
('km-252', '150', '', 'k-2', 'm-35'),
('km-253', '127', '', 'k-3', 'm-35'),
('km-254', '12', '', 'k-4', 'm-35'),
('km-255', '38480000', '', 'k-5', 'm-35'),
('km-256', '146', '>', 'k-6', 'm-35'),
('km-257', '35', '65', 'k-7', 'm-35'),
('km-258', '0', 'batu-batuan', 'k-8', 'm-35'),
('km-259', '69', '>', 'k-1', 'm-36'),
('km-26', '4', '', 'k-4', 'm-7'),
('km-260', '150', '', 'k-2', 'm-36'),
('km-261', '127', '', 'k-3', 'm-36'),
('km-262', '12', '', 'k-4', 'm-36'),
('km-263', '47290000', '', 'k-5', 'm-36'),
('km-264', '146', '<', 'k-6', 'm-36'),
('km-265', '35', '65', 'k-7', 'm-36'),
('km-266', '0', 'batu-batuan', 'k-8', 'm-36'),
('km-267', '69', '>', 'k-1', 'm-37'),
('km-268', '150', '', 'k-2', 'm-37'),
('km-269', '127', '', 'k-3', 'm-37'),
('km-27', '59', '<', 'k-1', 'm-8'),
('km-270', '12', '', 'k-4', 'm-37'),
('km-271', '43300000', '', 'k-5', 'm-37'),
('km-272', '146', '>', 'k-6', 'm-37'),
('km-273', '35', '65', 'k-7', 'm-37'),
('km-274', '0', 'batu-batuan', 'k-8', 'm-37'),
('km-275', '69', '>', 'k-1', 'm-38'),
('km-276', '150', '', 'k-2', 'm-38'),
('km-277', '127', '', 'k-3', 'm-38'),
('km-278', '12', '', 'k-4', 'm-38'),
('km-279', '48080000', '', 'k-5', 'm-38'),
('km-28', '110', '', 'k-2', 'm-8'),
('km-280', '146', '>', 'k-6', 'm-38'),
('km-281', '35', '65', 'k-7', 'm-38'),
('km-282', '0', 'batu-batuan', 'k-8', 'm-38'),
('km-283', '69', '>', 'k-1', 'm-40'),
('km-284', '150', '', 'k-2', 'm-40'),
('km-285', '127', '', 'k-3', 'm-40'),
('km-286', '12', '', 'k-4', 'm-40'),
('km-287', '48250000', '', 'k-5', 'm-40'),
('km-288', '146', '>', 'k-6', 'm-40'),
('km-289', '35', '65', 'k-7', 'm-40'),
('km-29', '94', '', 'k-3', 'm-8'),
('km-290', '0', 'batu-batuan', 'k-8', 'm-40'),
('km-291', '69', '>', 'k-1', 'm-39'),
('km-292', '150', '', 'k-2', 'm-39'),
('km-293', '127', '', 'k-3', 'm-39'),
('km-294', '12', '', 'k-4', 'm-39'),
('km-295', '44040000', '', 'k-5', 'm-39'),
('km-296', '146', '>', 'k-6', 'm-39'),
('km-297', '35', '65', 'k-7', 'm-39'),
('km-298', '0', 'batu-batuan', 'k-8', 'm-39'),
('km-299', '69', '>', 'k-1', 'm-41'),
('km-3', '59', '<', 'k-1', 'm-4'),
('km-30', '4', '', 'k-4', 'm-8'),
('km-300', '150', '', 'k-2', 'm-41'),
('km-301', '127', '', 'k-3', 'm-41'),
('km-302', '12', '', 'k-4', 'm-41'),
('km-303', '47290000', '', 'k-5', 'm-41'),
('km-304', '146', '>', 'k-6', 'm-41'),
('km-305', '35', '65', 'k-7', 'm-41'),
('km-306', '0', 'batu-batuan', 'k-8', 'm-41'),
('km-307', '69', '>', 'k-1', 'm-42'),
('km-308', '150', '', 'k-2', 'm-42'),
('km-309', '127', '', 'k-3', 'm-42'),
('km-31', '145', '<', 'k-6', 'm-8'),
('km-310', '12', '', 'k-4', 'm-42'),
('km-311', '47290000', '', 'k-5', 'm-42'),
('km-312', '146', '>', 'k-6', 'm-42'),
('km-313', '35', '65', 'k-7', 'm-42'),
('km-314', '0', 'batu-batuan', 'k-8', 'm-42'),
('km-315', '59', '>', 'k-1', 'm-43'),
('km-316', '110', '', 'k-2', 'm-43'),
('km-317', '120', '', 'k-3', 'm-43'),
('km-318', '4', '', 'k-4', 'm-43'),
('km-319', '20100000', '', 'k-5', 'm-43'),
('km-32', '15', '40', 'k-7', 'm-8'),
('km-320', '145', '<', 'k-6', 'm-43'),
('km-321', '15', '40', 'k-7', 'm-43'),
('km-322', '0', 'rata', 'k-8', 'm-43'),
('km-323', '59', '<', 'k-1', 'm-44'),
('km-324', '110', '', 'k-2', 'm-44'),
('km-325', '105', '', 'k-3', 'm-44'),
('km-326', '4', '', 'k-4', 'm-44'),
('km-327', '20950000', '', 'k-5', 'm-44'),
('km-328', '145', '<', 'k-6', 'm-44'),
('km-329', '15', '40', 'k-7', 'm-44'),
('km-33', '0', 'rata', 'k-8', 'm-8'),
('km-330', '0', 'rata', 'k-8', 'm-44'),
('km-331', '59', '<', 'k-1', 'm-45'),
('km-332', '110', '', 'k-2', 'm-45'),
('km-333', '110', '', 'k-3', 'm-45'),
('km-334', '4', '', 'k-4', 'm-45'),
('km-335', '23700000', '', 'k-5', 'm-45'),
('km-336', '145', '<', 'k-6', 'm-45'),
('km-337', '15', '40', 'k-7', 'm-45'),
('km-338', '0', 'rata', 'k-8', 'm-45'),
('km-339', '59', '>', 'k-1', 'm-46'),
('km-34', '59', '<', 'k-1', 'm-9'),
('km-340', '110', '', 'k-2', 'm-46'),
('km-341', '110', '', 'k-3', 'm-46'),
('km-342', '4', '', 'k-4', 'm-46'),
('km-343', '23700000', '', 'k-5', 'm-46'),
('km-344', '145', '>', 'k-6', 'm-46'),
('km-345', '15', '40', 'k-7', 'm-46'),
('km-346', '0', 'batu-batuan', 'k-8', 'm-46'),
('km-347', '59', '<', 'k-1', 'm-47'),
('km-348', '125', '', 'k-3', 'm-47'),
('km-349', '125', '', 'k-2', 'm-47'),
('km-35', '110', '', 'k-2', 'm-9'),
('km-350', '4', '', 'k-4', 'm-47'),
('km-351', '26900000', '', 'k-5', 'm-47'),
('km-352', '145', '<', 'k-6', 'm-47'),
('km-353', '25', '60', 'k-7', 'm-47'),
('km-354', '0', 'rata', 'k-8', 'm-47'),
('km-355', '59', '<', 'k-1', 'm-48'),
('km-356', '125', '', 'k-2', 'm-48'),
('km-357', '115', '', 'k-3', 'm-48'),
('km-358', '4', '', 'k-4', 'm-48'),
('km-359', '21050000', '', 'k-5', 'm-48'),
('km-36', '94', '', 'k-3', 'm-9'),
('km-360', '145', '<', 'k-6', 'm-48'),
('km-361', '25', '60', 'k-7', 'm-48'),
('km-362', '0', '', 'k-8', 'm-48'),
('km-363', '59', '<', 'k-1', 'm-51'),
('km-364', '125', '', 'k-2', 'm-51'),
('km-365', '104', '', 'k-3', 'm-51'),
('km-366', '4', '', 'k-4', 'm-51'),
('km-367', '22750000', '', 'k-5', 'm-51'),
('km-368', '145', '<', 'k-6', 'm-51'),
('km-369', '25', '60', 'k-7', 'm-51'),
('km-37', '4', '', 'k-4', 'm-9'),
('km-370', '0', 'rata', 'k-8', 'm-51'),
('km-371', '59', '<', 'k-1', 'm-49'),
('km-372', '125', '', 'k-2', 'm-49'),
('km-373', '120', '', 'k-3', 'm-49'),
('km-374', '4', '', 'k-4', 'm-49'),
('km-375', '22750000', '', 'k-5', 'm-49'),
('km-376', '145', '<', 'k-6', 'm-49'),
('km-377', '25', '60', 'k-7', 'm-49'),
('km-378', '0', 'rata', 'k-8', 'm-49'),
('km-379', '26900000', '', 'k-5', 'm-50'),
('km-38', '145', '<', 'k-6', 'm-9'),
('km-380', '59', '<', 'k-1', 'm-50'),
('km-381', '125', '', 'k-2', 'm-50'),
('km-382', '96', '', 'k-3', 'm-50'),
('km-383', '5', '', 'k-4', 'm-50'),
('km-384', '145', '<', 'k-6', 'm-50'),
('km-385', '25', '60', 'k-7', 'm-50'),
('km-386', '0', 'rata', 'k-8', 'm-50'),
('km-387', '59', '<', 'k-1', 'm-52'),
('km-388', '125', '', 'k-2', 'm-52'),
('km-389', '104', '', 'k-3', 'm-52'),
('km-39', '15', '40', 'k-7', 'm-9'),
('km-390', '4', '', 'k-4', 'm-52'),
('km-391', '23600000', '', 'k-5', 'm-52'),
('km-392', '145', '<', 'k-6', 'm-52'),
('km-393', '25', '60', 'k-7', 'm-52'),
('km-394', '0', 'rata', 'k-8', 'm-52'),
('km-395', '59', '<', 'k-1', 'm-53'),
('km-396', '125', '', 'k-2', 'm-53'),
('km-397', '110', '', 'k-3', 'm-53'),
('km-398', '4', '', 'k-4', 'm-53'),
('km-399', '24200000', '', 'k-5', 'm-53'),
('km-4', '110', '', 'k-2', 'm-4'),
('km-40', '0', 'rata', 'k-8', 'm-9'),
('km-400', '145', '<', 'k-6', 'm-53'),
('km-401', '25', '60', 'k-7', 'm-53'),
('km-402', '0', 'rata', 'k-8', 'm-53'),
('km-403', '59', '<', 'k-1', 'm-54'),
('km-404', '125', '', 'k-2', 'm-54'),
('km-405', '110', '', 'k-3', 'm-54'),
('km-406', '4', '', 'k-4', 'm-54'),
('km-407', '24450000', '', 'k-5', 'm-54'),
('km-408', '145', '<', 'k-6', 'm-54'),
('km-409', '25', '60', 'k-7', 'm-54'),
('km-41', '59', '<', 'k-1', 'm-10'),
('km-410', '0', 'rata', 'k-8', 'm-54'),
('km-411', '59', '<', 'k-1', 'm-55'),
('km-412', '125', '', 'k-2', 'm-55'),
('km-413', '110', '', 'k-3', 'm-55'),
('km-414', '4', '', 'k-4', 'm-55'),
('km-415', '25500000', '', 'k-5', 'm-55'),
('km-416', '145', '<', 'k-6', 'm-55'),
('km-417', '25', '60', 'k-7', 'm-55'),
('km-418', '0', 'rata', 'k-8', 'm-55'),
('km-419', '59', '<', 'k-1', 'm-56'),
('km-42', '26070000', '', 'k-5', 'm-10'),
('km-420', '125', '', 'k-2', 'm-56'),
('km-421', '106', '', 'k-3', 'm-56'),
('km-422', '4', '', 'k-4', 'm-56'),
('km-423', '25100000', '', 'k-5', 'm-56'),
('km-424', '145', '<', 'k-6', 'm-56'),
('km-425', '25', '60', 'k-7', 'm-56'),
('km-426', '0', 'rata', 'k-8', 'm-56'),
('km-427', '26900000', '', 'k-5', 'm-57'),
('km-428', '59', '<', 'k-1', 'm-57'),
('km-429', '125', '', 'k-2', 'm-57'),
('km-43', '23990000', '', 'k-5', 'm-9'),
('km-430', '106', '', 'k-3', 'm-57'),
('km-431', '4', '', 'k-4', 'm-57'),
('km-432', '0', 'rata', 'k-8', 'm-57'),
('km-433', '145', '<', 'k-6', 'm-57'),
('km-434', '25', '60', 'k-7', 'm-57'),
('km-435', '59', '<', 'k-1', 'm-58'),
('km-436', '125', '', 'k-2', 'm-58'),
('km-437', '106', '', 'k-3', 'm-58'),
('km-438', '4', '', 'k-4', 'm-58'),
('km-439', '29850000', '', 'k-5', 'm-58'),
('km-44', '23660000', '', 'k-5', 'm-6'),
('km-440', '145', '<', 'k-6', 'm-58'),
('km-441', '25', '60', 'k-7', 'm-58'),
('km-442', '0', 'rata', 'k-8', 'm-58'),
('km-443', '59', '<', 'k-1', 'm-59'),
('km-444', '125', '', 'k-2', 'm-59'),
('km-445', '137', '', 'k-3', 'm-59'),
('km-446', '4', '', 'k-4', 'm-59'),
('km-447', '24200000', '', 'k-5', 'm-59'),
('km-448', '145', '<', 'k-6', 'm-59'),
('km-449', '25', '60', 'k-7', 'm-59'),
('km-45', '23560000', '', 'k-5', 'm-5'),
('km-450', '0', 'rata', 'k-8', 'm-59'),
('km-451', '69', '<', 'k-1', 'm-60'),
('km-452', '155', '', 'k-2', 'm-60'),
('km-453', '136', '', 'k-3', 'm-60'),
('km-454', '6', '', 'k-4', 'm-60'),
('km-455', '29850000', '', 'k-5', 'm-60'),
('km-456', '146', '>', 'k-1', 'm-60'),
('km-457', '45', '80', 'k-7', 'm-60'),
('km-458', '0', 'batu-batuan', 'k-8', 'm-60'),
('km-459', '59', '>', 'k-1', 'm-61'),
('km-46', '23530000', '', 'k-5', 'm-7'),
('km-460', '125', '', 'k-2', 'm-61'),
('km-461', '125', '', 'k-3', 'm-61'),
('km-462', '7', '', 'k-4', 'm-61'),
('km-463', '39100000', '', 'k-5', 'm-61'),
('km-464', '145', '<', 'k-6', 'm-61'),
('km-465', '25', '60', 'k-7', 'm-61'),
('km-466', '0', 'rata', 'k-8', 'm-61'),
('km-467', '69', '<', 'k-1', 'm-62'),
('km-468', '155', '', 'k-2', 'm-62'),
('km-469', '136', '', 'k-3', 'm-62'),
('km-47', '145', '<', 'k-6', 'm-7'),
('km-470', '6', '', 'k-4', 'm-62'),
('km-471', '37400000', '', 'k-5', 'm-62'),
('km-472', '146', '>', 'k-6', 'm-62'),
('km-473', '45', '80', 'k-7', 'm-62'),
('km-474', '0', 'batu-batuan', 'k-8', 'm-62'),
('km-475', '69', '', 'k-1', 'm-63'),
('km-476', '155', '', 'k-2', 'm-63'),
('km-477', '120', '', 'k-3', 'm-63'),
('km-478', '6', '', 'k-4', 'm-63'),
('km-479', '37400000', '', 'k-5', 'm-63'),
('km-48', '15', '40', 'k-7', 'm-7'),
('km-480', '146', '>', 'k-6', 'm-63'),
('km-481', '45', '80', 'k-7', 'm-63'),
('km-482', '0', 'tanjakan, turunan', 'k-8', 'm-63'),
('km-483', '69', '<', 'k-1', 'm-64'),
('km-484', '155', '', 'k-2', 'm-64'),
('km-485', '120', '', 'k-3', 'm-64'),
('km-486', '7', '', 'k-4', 'm-64'),
('km-487', '41950000', '', 'k-5', 'm-64'),
('km-488', '146', '>', 'k-6', 'm-64'),
('km-489', '45', '80', 'k-7', 'm-64'),
('km-49', '0', 'rata', 'k-8', 'm-7'),
('km-490', '0', 'batu-batuan', 'k-8', 'm-64'),
('km-491', '69', '<', 'k-1', 'm-65'),
('km-492', '155', '', 'k-2', 'm-65'),
('km-493', '126', '', 'k-3', 'm-65'),
('km-494', '7', '', 'k-4', 'm-65'),
('km-495', '33700000', '', 'k-5', 'm-65'),
('km-496', '146', '>', 'k-6', 'm-65'),
('km-497', '45', '80', 'k-7', 'm-65'),
('km-498', '0', 'batu-batuan', 'k-8', 'm-65'),
('km-499', '69', '<', 'k-1', 'm-66'),
('km-5', '105', '', 'k-3', 'm-4'),
('km-50', '23340000', '', 'k-5', 'm-8'),
('km-500', '155', '', 'k-2', 'm-66'),
('km-501', '137', '', 'k-3', 'm-66'),
('km-502', '11', '', 'k-4', 'm-66'),
('km-503', '37400000', '', 'k-5', 'm-66'),
('km-504', '146', '>', 'k-6', 'm-66'),
('km-505', '45', '80', 'k-7', 'm-66'),
('km-506', '0', 'batu-batuan', 'k-8', 'm-66'),
('km-507', '69', '<', 'k-1', 'm-67'),
('km-508', '150', '', 'k-2', 'm-67'),
('km-509', '151', '', 'k-3', 'm-67'),
('km-51', '22780000', '', 'k-5', 'm-4'),
('km-510', '8', '', 'k-4', 'm-67'),
('km-511', '46950000', '', 'k-5', 'm-67'),
('km-512', '146', '>', 'k-6', 'm-67'),
('km-513', '35', '65', 'k-7', 'm-67'),
('km-514', '0', 'batu-batuan', 'k-8', 'm-67'),
('km-515', '69', '<', 'k-1', 'm-68'),
('km-516', '155', '', 'k-2', 'm-68'),
('km-517', '151', '', 'k-3', 'm-68'),
('km-518', '8', '', 'k-4', 'm-68'),
('km-519', '47650000', '', 'k-5', 'm-68'),
('km-52', '15', '40', 'k-7', 'm-4'),
('km-520', '146', '>', 'k-6', 'm-68'),
('km-521', '45', '80', 'k-7', 'm-68'),
('km-522', '0', 'batu-batuan', 'k-8', 'm-68'),
('km-523', '69', '<', 'k-1', 'm-69'),
('km-524', '155', '', 'k-2', 'm-69'),
('km-525', '125', '', 'k-3', 'm-69'),
('km-526', '10', '', 'k-4', 'm-69'),
('km-527', '46300000', '', 'k-5', 'm-69'),
('km-528', '146', '>', 'k-6', 'm-69'),
('km-529', '45', '80', 'k-7', 'm-69'),
('km-53', '125', '', 'k-2', 'm-10'),
('km-530', '0', 'batu-batuan', 'k-8', 'm-69'),
('km-531', '69', '<', 'k-1', 'm-70'),
('km-532', '155', '', 'k-2', 'm-70'),
('km-533', '138', '', 'k-3', 'm-70'),
('km-534', '12', '', 'k-4', 'm-70'),
('km-535', '47450000', 'batu-batuan', 'k-5', 'm-70'),
('km-536', '146', '>', 'k-6', 'm-70'),
('km-537', '45', '80', 'k-7', 'm-70'),
('km-538', '0', 'batu-batuan', 'k-8', 'm-70'),
('km-539', '99', '>', 'k-1', 'm-72'),
('km-54', '115', '', 'k-3', 'm-10'),
('km-540', '249', '', 'k-2', 'm-72'),
('km-541', '202', '', 'k-3', 'm-72'),
('km-542', '15', '', 'k-4', 'm-72'),
('km-543', '135000000', '', 'k-5', 'm-72'),
('km-544', '146', '>', 'k-6', 'm-72'),
('km-545', '45', '80', 'k-7', 'm-72'),
('km-546', '0', 'tanjakan, turunan', 'k-8', 'm-72'),
('km-547', '99', '>', 'k-1', 'm-73'),
('km-548', '249', '', 'k-2', 'm-73'),
('km-549', '187', '', 'k-3', 'm-73'),
('km-55', '4', '', 'k-4', 'm-10'),
('km-550', '15', '', 'k-4', 'm-73'),
('km-551', '117000000', '', 'k-5', 'm-73'),
('km-552', '146', '>', 'k-6', 'm-73'),
('km-553', '45', '80', 'k-7', 'm-73'),
('km-554', '0', 'tanjakan, turunan', 'k-8', 'm-73'),
('km-555', '69', '>', 'k-1', 'm-74'),
('km-556', '150', '', 'k-2', 'm-74'),
('km-557', '110', '', 'k-3', 'm-74'),
('km-558', '7', '', 'k-4', 'm-74'),
('km-559', '47500000', '', 'k-5', 'm-74'),
('km-56', '145', '<', 'k-6', 'm-10'),
('km-560', '146', '>', 'k-6', 'm-74'),
('km-561', '35', '65', 'k-7', 'm-74'),
('km-562', '0', 'batu-batuan', 'k-8', 'm-74'),
('km-563', '69', '', 'k-1', 'm-75'),
('km-564', '150', '', 'k-2', 'm-75'),
('km-565', '110', '', 'k-3', 'm-75'),
('km-566', '7', '', 'k-4', 'm-75'),
('km-567', '44000000', '', 'k-5', 'm-75'),
('km-568', '146', '>', 'k-6', 'm-75'),
('km-569', '35', '65', 'k-7', 'm-75'),
('km-57', '25', '60', 'k-7', 'm-10'),
('km-570', '0', 'batu-batuan', 'k-8', 'm-75'),
('km-571', '69', '>', 'k-1', 'm-76'),
('km-572', '150', '', 'k-2', 'm-76'),
('km-573', '115', '', 'k-3', 'm-76'),
('km-574', '7', '', 'k-4', 'm-76'),
('km-575', '40000000', '', 'k-5', 'm-76'),
('km-576', '146', '>', 'k-6', 'm-76'),
('km-577', '35', '65', 'k-7', 'm-76'),
('km-578', '0', 'batu-batuan', 'k-8', 'm-76'),
('km-579', '69', '>', 'k-1', 'm-77'),
('km-58', '0', 'rata', 'k-8', 'm-10'),
('km-580', '150', '', 'k-2', 'm-77'),
('km-581', '115', '', 'k-3', 'm-77'),
('km-582', '7', '', 'k-4', 'm-77'),
('km-583', '41000000', '', 'k-5', 'm-77'),
('km-584', '146', '>', 'k-6', 'm-77'),
('km-585', '35', '65', 'k-7', 'm-77'),
('km-586', '0', 'batu-batuan', 'k-8', 'm-77'),
('km-587', '69', '>', 'k-1', 'm-78'),
('km-588', '150', '', 'k-2', 'm-78'),
('km-589', '115', '', 'k-3', 'm-78'),
('km-59', '26910000', '', 'k-5', 'm-11'),
('km-590', '7', '', 'k-4', 'm-78'),
('km-591', '44000000', '', 'k-5', 'm-78'),
('km-592', '146', '>', 'k-6', 'm-78'),
('km-593', '0', 'batu-batuan', 'k-8', 'm-78'),
('km-594', '35', '65', 'k-7', 'm-78'),
('km-595', '69', '>', 'k-1', 'm-79'),
('km-596', '150', '', 'k-2', 'm-79'),
('km-597', '120', '', 'k-3', 'm-79'),
('km-598', '13', '', 'k-4', 'm-79'),
('km-599', '45000000', '', 'k-5', 'm-79'),
('km-6', '4', '', 'k-4', 'm-4'),
('km-60', '59', '<', 'k-1', 'm-11'),
('km-600', '146', '>', 'k-6', 'm-79'),
('km-601', '35', '65', 'k-7', 'm-79'),
('km-602', '0', 'batu-batuan', 'k-8', 'm-79'),
('km-603', '99', '>', 'k-1', 'm-86'),
('km-604', '177', '', 'k-2', 'm-86'),
('km-605', '120', '', 'k-3', 'm-86'),
('km-606', '13', '', 'k-4', 'm-86'),
('km-607', '45000000', '', 'k-5', 'm-86'),
('km-608', '146', '>', 'k-6', 'm-86'),
('km-609', '45', '80', 'k-7', 'm-86'),
('km-61', '110', '', 'k-2', 'm-11'),
('km-610', '0', 'tanjakan, turunan', 'k-8', 'm-86'),
('km-611', '69', '>', 'k-1', 'm-81'),
('km-612', '150', '', 'k-2', 'm-81'),
('km-613', '115', '', 'k-3', 'm-81'),
('km-614', '7', '', 'k-4', 'm-81'),
('km-615', '47500000', '', 'k-5', 'm-81'),
('km-616', '146', '>', 'k-6', 'm-81'),
('km-617', '45', '80', 'k-7', 'm-81'),
('km-618', '0', 'batu-batuan', 'k-8', 'm-81'),
('km-619', '99', '>', 'k-1', 'm-82'),
('km-62', '115', '', 'k-3', 'm-11'),
('km-620', '249', '', 'k-2', 'm-82'),
('km-621', '170', '', 'k-3', 'm-82'),
('km-622', '14', '', 'k-4', 'm-82'),
('km-623', '86000000', '', 'k-5', 'm-82'),
('km-624', '146', '>', 'k-6', 'm-82'),
('km-625', '45', '80', 'k-7', 'm-82'),
('km-626', '0', 'tanjakan, turunan', 'k-8', 'm-82'),
('km-627', '99', '>', 'k-1', 'm-83'),
('km-628', '249', '', 'k-2', 'm-83'),
('km-629', '174', 'batu-batuan', 'k-3', 'm-83'),
('km-63', '4', '', 'k-4', 'm-11'),
('km-630', '14', '', 'k-4', 'm-83'),
('km-631', '79000000', '', 'k-5', 'm-83'),
('km-632', '146', '>', 'k-6', 'm-83'),
('km-633', '45', '80', 'k-7', 'm-83'),
('km-634', '0', 'tanjakan, turunan', 'k-8', 'm-83'),
('km-635', '99', '>', 'k-1', 'm-84'),
('km-636', '249', 'batu-batuan', 'k-2', 'm-84'),
('km-637', '174', '', 'k-3', 'm-84'),
('km-638', '12', '', 'k-4', 'm-84'),
('km-639', '56000000', '', 'k-5', 'm-84'),
('km-64', '145', '<', 'k-6', 'm-11'),
('km-640', '146', '>', 'k-6', 'm-84'),
('km-641', '45', '80', 'k-7', 'm-84'),
('km-642', '0', 'tanjakan, turunan', 'k-8', 'm-84'),
('km-643', '233', '', 'k-2', 'm-85'),
('km-644', '115', '', 'k-3', 'm-85'),
('km-645', '7', '', 'k-4', 'm-85'),
('km-646', '66000000', '', 'k-5', 'm-85'),
('km-647', '146', '>', 'k-6', 'm-85'),
('km-648', '45', '80', 'k-7', 'm-85'),
('km-649', '0', 'tanjakan, turunan', 'k-8', 'm-85'),
('km-65', '15', '40', 'k-7', 'm-11'),
('km-66', '0', '', 'k-8', 'm-11'),
('km-67', '59', '<', 'k-1', 'm-12'),
('km-68', '125', '', 'k-2', 'm-12'),
('km-69', '105', '', 'k-3', 'm-12'),
('km-7', '145', '<', 'k-6', 'm-4'),
('km-70', '5', '', 'k-4', 'm-12'),
('km-71', '27940000', '', 'k-5', 'm-12'),
('km-72', '145', '<', 'k-6', 'm-12'),
('km-73', '25', '60', 'k-7', 'm-12'),
('km-74', '0', 'rata', 'k-8', 'm-12'),
('km-75', '59', '<', 'k-1', 'm-13'),
('km-76', '125', '', 'k-2', 'm-13'),
('km-77', '105', '', 'k-3', 'm-13'),
('km-78', '5', '', 'k-4', 'm-13'),
('km-79', '28090000', '', 'k-5', 'm-13'),
('km-8', '0', 'rata', 'k-8', 'm-4'),
('km-80', '145', '<', 'k-6', 'm-13'),
('km-81', '25', '60', 'k-7', 'm-13'),
('km-82', '0', 'rata', 'k-8', 'm-13'),
('km-83', '37940000', '', 'k-5', 'm-14'),
('km-84', '69', '>', 'k-1', 'm-14'),
('km-85', '150', '', 'k-2', 'm-14'),
('km-86', '115', '', 'k-3', 'm-14'),
('km-87', '8', '', 'k-4', 'm-14'),
('km-88', '146', '>', 'k-6', 'm-14'),
('km-89', '35', '65', 'k-7', 'm-14'),
('km-9', '0', 'rata', 'k-8', 'm-5'),
('km-90', '0', 'batu-batuan', 'k-8', 'm-14'),
('km-91', '69', '>', 'k-1', 'm-15'),
('km-92', '150', '', 'k-2', 'm-15'),
('km-93', '115', '', 'k-3', 'm-15'),
('km-94', '8', '', 'k-4', 'm-15'),
('km-95', '41340000', '', 'k-5', 'm-15'),
('km-96', '146', '>', 'k-6', 'm-15'),
('km-97', '35', '65', 'k-7', 'm-15'),
('km-98', '0', 'batu-batuan', 'k-8', 'm-15'),
('km-99', '40010000', '', 'k-5', 'm-16');

-- --------------------------------------------------------

--
-- Table structure for table `motor`
--

CREATE TABLE `motor` (
  `id_motor` char(10) NOT NULL,
  `jenis_motor` varchar(20) NOT NULL,
  `class` varchar(20) NOT NULL,
  `alternatif` varchar(250) NOT NULL,
  `gambar` char(20) NOT NULL,
  `harga` char(20) NOT NULL
) ENGINE=InnoDB DEFAULT CHARSET=utf8mb4 COLLATE=utf8mb4_general_ci;

--
-- Dumping data for table `motor`
--

INSERT INTO `motor` (`id_motor`, `jenis_motor`, `class`, `alternatif`, `gambar`, `harga`) VALUES
('m-10', 'HONDA', 'MATIC', 'ALL NEW SCOOPY SPORTY/FASHION*', '1688337302-m.jpg', '26070000'),
('m-11', 'HONDA', 'MATIC', 'ALL NEW SCOOPY PRESTIGE/STYLISH*', '1688394783-m.jpg', '26910000'),
('m-12', 'HONDA', 'MATIC', 'NEW VARIO 125 CBS*(HYZA)', '1688395068-m.jpg', '27940000'),
('m-13', 'HONDA', 'MATIC', 'NEW VARIO 125 CBS ISS*HZA', '1688396404-m.jpg', '28090000'),
('m-14', 'HONDA', 'MATIC', 'NEW PCX 160 CBS', '1688396612-m.jpeg', '37940000'),
('m-15', 'HONDA', 'MATIC', 'NEW PCX 160 ABS', '1688397102-m.jpg', '41340000'),
('m-16', 'HONDA', 'MATIC', 'NEW ADV 160 CBS', '1688397502-m.jpg', '40010000'),
('m-17', 'HONDA', 'MATIC', 'NEW ADV 160 ABS', '1688397781-m.jpg', '45340000'),
('m-18', 'HONDA', 'MATIC', 'NEW VARIO 160 CBS*(LV0)', '1688422423-m.jpg', '31450000'),
('m-19', 'HONDA', 'MATIC', 'NEW VARIO 125 CBS ISS(HZA)', '1688424061-m.jpg', '28090000'),
('m-20', 'HONDA', 'MATIC', 'NEW VARIO 125 CBS (HYZA)', '1688424333-m.jpg', '34110000'),
('m-21', 'HONDA', 'MATIC', 'NEW VARIO 125 CBS ISS*(HZ4A)', '1688433363-m.jpg', '27940000'),
('m-22', 'HONDA', 'CUB', 'REVO FIT FI(GB3)', '1688433601-m.jpg', '19700000'),
('m-23', 'HONDA', 'CUB', 'NEW REVO X(GD3) SUB FIF ', '1688438141-m.png', '21470000'),
('m-24', 'HONDA', 'CUB', 'SUPRA X 125 SW(SW(GE4) SUB FIF', '1688438408-m.jpg', '22470000'),
('m-25', 'HONDA', 'CUB', 'SUPRA 125 FI CW (GF4) SUB ADIRA', '1688438604-m.jpg', '24160000'),
('m-26', 'HONDA', 'SPORT', 'GTR150 SPORTY (HJ9)', '1688439222-m.jpg', '28830000'),
('m-27', 'HONDA', 'SPORT', 'NEW GTR150 (HJK)', '1688439368-m.jpg', '29080000'),
('m-28', 'HONDA', 'SPORT', 'NEW SONIC 150 (HD7)', '1688439610-m.jpg', '28510000'),
('m-29', 'HONDA', 'SPORT', 'NEW SONIC 125 (HDP/HDN)', '1688442405-m.jpg', '28930000'),
('m-30', 'HONDA', 'SPORT', 'NEW CB150 VERZA (EH2)', '1688442535-m.jpg', '25170000'),
('m-31', 'HONDA', 'SPORT', 'NEW CB150 VERZA (EG2)', '1688442698-m.jpg', '25850000'),
('m-32', 'HONDA', 'SPORT', 'NEW CB150R STREETFIRE SPECIAL EDITION', '1688442825-m.png', '35200000'),
('m-33', 'HONDA', 'SPORT', 'NEW CB150R SREETFIRE (JR0)', '1688443026-m.jpg', '34120000'),
('m-34', 'HONDA', 'SPORT', 'NEW CB150X STD JXO', '1688443306-m.jpg', '37950000'),
('m-35', 'HONDA', 'SPORT', 'NEW CB 150X SE', '1688443450-m.jpg', '38480000'),
('m-36', 'HONDA', 'SPORT', 'NEW CRF150L SUB ADIRA', '1688443602-m.jpg', '39890000'),
('m-37', 'HONDA', 'SPORT', 'ALL NEW CBR 150 SUB ADIRA', '1688443765-m.jpg', '4330000'),
('m-38', 'HONDA', 'SPORT', 'ALL NEW CBR 150 ABS SUB ADIRA JNC/JNB', '1688448763-m.jpg', '48080000'),
('m-39', 'HONDA', 'SPORT', 'ALL NEW CBR 150 SUB ADIRA JMA', '1688449033-m.jpg', '44040000'),
('m-4', 'HONDA', 'MATIC', 'new beat sporty cbs* (LH0A/LHAA)', '1689032185-m.jpg', '22780000'),
('m-40', 'HONDA', 'SPORT', 'ALL NEW CBR 150 ABS SUB ADIRA JNA', '1688659632-m.jpg', '48250000'),
('m-41', 'HONDA', 'SPORT', 'ALL NEW CBR 150 ABS SUB ADIRA JND', '1688659780-m.png', '47290000'),
('m-42', 'HONDA', 'SPORT', 'ALL NEW CBR 150 ABS SUB ADIRA JN0', '1688659896-m.png', '47290000'),
('m-43', 'YAMAHA', 'CUB', 'VEGA FORCE DB', '1688660039-m.jpg', '20100000'),
('m-44', 'YAMAHA', 'CUB', 'VEGA FORCE DB CW', '1688660704-m.jpg', '20950000'),
('m-45', 'YAMAHA', 'CUB', 'JUPITER Z1 CW FI', '1688660962-m.jpg', '23700000'),
('m-46', 'YAMAHA', 'CUB', 'MX KING 150', '1688661148-m.jpg', '30100000'),
('m-47', 'YAMAHA', 'MATIC', 'LEXI', '1688661275-m.jpg', '26900000'),
('m-48', 'YAMAHA', 'MATIC', 'MIO M3 CW', '1688661649-m.jpg', '21050000'),
('m-49', 'YAMAHA', 'MATIC', 'LEXI S', '1688661767-m.jpg', '30200000'),
('m-5', 'HONDA', 'MATIC', 'NEW BEAT SPORTY CBS ISS* (LK1A)', '1689033860-m.jpg', '23560000'),
('m-50', 'YAMAHA', 'MATIC', 'FAZZIO NEO', '1688662356-m.png', '26900000'),
('m-51', 'YAMAHA', 'MATIC', 'GEAR 125 ', '1688662847-m.jpg', '22750000'),
('m-52', 'YAMAHA', 'MATIC', 'GEAR 125 S', '1688663165-m.png', '23600000'),
('m-53', 'YAMAHA', 'MATIC', 'FINO SPORTY 125', '1688663424-m.jpg', '24200000'),
('m-54', 'YAMAHA', 'MATIC', 'FINO PREMIUM 125', '1688663722-m.png', '24450000'),
('m-55', 'YAMAHA', 'MATIC', 'FINO GRANDE 125', '1688664068-m.png', '25500000'),
('m-56', 'YAMAHA', 'MATIC', 'FREEGO', '1688664220-m.jpg', '25100000'),
('m-57', 'YAMAHA', 'MATIC', 'FREEGO S', '1688664301-m.jpeg', '26900000'),
('m-58', 'YAMAHA', 'MATIC', 'FREEGO S ABS', '1688664561-m.jpeg', '29850000'),
('m-59', 'YAMAHA', 'MATIC', 'X-RIDE 125 ', '1688664763-m.jpg', '24200000'),
('m-6', 'HONDA', 'MATIC', 'NEW BEAT STREER CBS DELUXE', '1688336531-m.jpg', '23660000'),
('m-60', 'YAMAHA', 'MATIC', 'ALL NEW AEROX 155 C', '1688665414-m.jpeg', '33000000'),
('m-61', 'YAMAHA', 'MATIC', 'ALL NEW N-MAX C', '1688665551-m.jpg', '39100000'),
('m-62', 'YAMAHA', 'MATIC', 'ALL NEW N-MAX', '1688665703-m.jpg', '37400000'),
('m-63', 'YAMAHA', 'MATIC', 'X-MAX', '1688665845-m.jpg', '70800000'),
('m-64', 'YAMAHA', 'MATIC', 'ALL NEW N-MAX ABS', '1688665981-m.jpg', '41950000'),
('m-65', 'YAMAHA', 'MATIC', 'ALL NEW V-IXION ', '1688666109-m.jpg', '33700000'),
('m-66', 'YAMAHA', 'SPORT', 'ALL NEW V-IXION R', '1688666298-m.png', '37400000'),
('m-67', 'YAMAHA', 'SPORT', 'WR 155 R', '1688666440-m.jpg', '46950000'),
('m-68', 'YAMAHA', 'SPORT', 'WR 155 R GP MONSTER', '1688666585-m.jpg', '47650000'),
('m-69', 'YAMAHA', 'SPORT', 'XSR 155', '1688666726-m.jpg', '46300000'),
('m-7', 'HONDA', 'MATIC', 'NEW BEAT TREET CBS*', '1688336735-m.jpg', '23530000'),
('m-70', 'YAMAHA', 'SPORT', 'ALL NEW R 15 C', '1688666866-m.jpg', '47450000'),
('m-72', 'KAWASAKI', 'SPORT', 'ZX 25 R ABS', '1688667405-m.jpg', '135000000'),
('m-73', 'KAWASAKI', 'SPORT', 'ZX 25R-NON ABS', '1688667679-m.jpg', '117000000'),
('m-74', 'KAWASAKI', 'SPORT', 'D-TRACKER NEW SE', '1688667905-m.jpg', '47500000'),
('m-75', 'KAWASAKI', 'SPORT', 'D-TRACKER NEW STD', '1688668204-m.jpeg', '44000000'),
('m-76', 'KAWASAKI', 'SPORT', 'KLX 150 G STD', '1688668563-m.jpg', '40000000'),
('m-77', 'KAWASAKI', 'SPORT', 'KLX 150 BF', '1688668655-m.jpg', '41000000'),
('m-78', 'KAWASAKI', 'SPORT', 'KLX 150 BF-SE', '1688668784-m.jpg', '44000000'),
('m-79', 'KAWASAKI', 'SPORT', 'W175 SE', '1688668930-m.jpg', '45000000'),
('m-8', 'HONDA', 'MATIC', 'GENIO CBS(LY0)', '1688337037-m.jpg', '23340000'),
('m-81', 'KAWASAKI', 'SPORT', 'KLX 150 BF-SE EXTREME', '1688669323-m.jpg', '47500000'),
('m-82', 'KAWASAKI', 'SPORT', 'NINJA 250 ABS SMART KEY', '1688669445-m.jpg', '86000000'),
('m-83', 'KAWASAKI', 'SPORT', 'NINJA 250 NON ABS', '1688669696-m.jpg', '79000000'),
('m-84', 'KAWASAKI', 'SPORT', 'NINJA 250 SL NON ABS ', '1688669817-m.jpg', '56000000'),
('m-85', 'KAWASAKI', 'SPORT', 'KLX 230 ', '1688669959-m.jpg', '66000000'),
('m-86', 'Kawasaki', 'SPORT', 'W175 CAFÉ', '1689213883-m.jpg', '45000000'),
('m-9', 'HONDA', 'MATIC', 'GENIO CBS(LZ0)', '1688337173-m.jpg', '23990000');

-- --------------------------------------------------------

--
-- Table structure for table `pendaftaran`
--

CREATE TABLE `pendaftaran` (
  `id_pendaftaran` char(10) NOT NULL,
  `nama_depan` varchar(250) NOT NULL,
  `nama_belakang` varchar(250) NOT NULL,
  `email` varchar(50) NOT NULL,
  `ktp` char(20) NOT NULL,
  `alamat_distrik` varchar(20) NOT NULL,
  `alamat_kelurahan` varchar(20) NOT NULL,
  `alamat_jalan` varchar(250) NOT NULL,
  `foto` char(20) NOT NULL,
  `status` char(1) NOT NULL,
  `role` char(1) NOT NULL,
  `dealer` varchar(20) NOT NULL,
  `password` varchar(250) NOT NULL
) ENGINE=InnoDB DEFAULT CHARSET=utf8mb4 COLLATE=utf8mb4_general_ci;

--
-- Dumping data for table `pendaftaran`
--

INSERT INTO `pendaftaran` (`id_pendaftaran`, `nama_depan`, `nama_belakang`, `email`, `ktp`, `alamat_distrik`, `alamat_kelurahan`, `alamat_jalan`, `foto`, `status`, `role`, `dealer`, `password`) VALUES
('p-0', 'admin', 'super', 'admin@gmail.com', '', '-', '-', '-', '', '1', '1', '', 'admin@gmail.com'),
('p-1', 'Ema', 'Admin', 'admindealer@gmail.com', '1688094250-ktp.png', 'Abepura', 'vim', 'kotaraja', '1688094250-foto.png', '1', '2', 'Yahama', 'admindealer@gmail.com'),
('p-2', 'Ema', 'Customer', 'ema@gmail.com', '1688172042-ktp.png', 'Abepura', 'vim', 'Kotaraja', '1688172042-foto.png', '1', '3', '', 'ema@gmail.com'),
('p-3', 'Honda', 'papua', 'honda@gmail.com', '1688909584-ktp.png', 'Abepura', 'vim', 'Abe', '1688909584-foto.png', '1', '2', 'Honda', 'honda@gmail.com'),
('p-4', 'customer', 'customer', 'customer@gmail.com', '1688909670-ktp.png', 'Abepura', 'vim', 'Kotaraj', '1688909670-foto.png', '1', '3', '', 'customer@gmail.com'),
('p-5', 'Kawasaki', 'Papua', 'kawasaki@gmail.com', '1688909852-ktp.png', 'Abepura', 'vim', 'Kotaraj', '1688909852-foto.png', '1', '2', 'Kawasaki', 'kawasaki@gmail.com'),
('p-6', 'Yamaha', 'Papua', 'yamaha@gmail.com', '1688909903-ktp.png', 'Abepura', 'vim', 'Kotaraja', '1688909903-foto.png', '1', '2', 'Yamaha', 'yamaha@gmail.com');

-- --------------------------------------------------------

--
-- Table structure for table `rekomendasi`
--

CREATE TABLE `rekomendasi` (
  `id_rekomendasi` int(10) NOT NULL,
  `id_motor` char(10) NOT NULL,
  `nilai` char(50) NOT NULL,
  `tanggal` datetime DEFAULT NULL
) ENGINE=InnoDB DEFAULT CHARSET=utf8mb4 COLLATE=utf8mb4_general_ci;

-- --------------------------------------------------------

--
-- Table structure for table `sub_kriteria`
--

CREATE TABLE `sub_kriteria` (
  `id_sub` char(10) NOT NULL,
  `range_atas` varchar(20) NOT NULL,
  `range_bawah` varchar(20) NOT NULL,
  `satuan` varchar(20) NOT NULL,
  `tingkat_kepercayaan` char(5) NOT NULL,
  `id_kriteria` char(10) NOT NULL
) ENGINE=InnoDB DEFAULT CHARSET=utf8mb4 COLLATE=utf8mb4_general_ci;

--
-- Dumping data for table `sub_kriteria`
--

INSERT INTO `sub_kriteria` (`id_sub`, `range_atas`, `range_bawah`, `satuan`, `tingkat_kepercayaan`, `id_kriteria`) VALUES
('sk-1', '69', '>', 'kg', '0.357', 'k-1'),
('sk-11', '99', '>', 'kg', '0.107', 'k-1'),
('sk-12', '118', '128', 'kmph', '0.285', 'k-3'),
('sk-13', '132', '140', 'kmph', '0.214', 'k-3'),
('sk-15', '151', '202', 'kmph', '0.71', 'k-3'),
('sk-16', '4', '5', 'liter', '0.535', 'k-4'),
('sk-17', '6', '7', 'liter', '0.25', 'k-4'),
('sk-18', '8', '11', 'liter', '0.107', 'k-4'),
('sk-19', '12', '15', 'liter', '0.107', 'k-4'),
('sk-2', '59', '<', 'kg', '0.355', 'k-1'),
('sk-20', '19000000', '30000000', 'Rp', '0.857', 'k-5'),
('sk-21', '31000000', '39000000', 'Rp', '0.71', 'k-5'),
('sk-22', '40000000', '60000000', 'Rp', '0', 'k-5'),
('sk-23', '61000000', '70000000', 'Rp', '0.35', 'k-5'),
('sk-24', '71000000', '150000000', 'Rp', '0.35', 'k-5'),
('sk-25', '145', '<', 'CM', '0.178', 'k-6'),
('sk-26', '146', '>', 'CM', '0.821', 'k-6'),
('sk-27', '30', '40', 'km/jam', '0.107', 'k-7'),
('sk-28', '50', '60', 'km/jam', '0.357', 'k-7'),
('sk-29', '70', '80', 'km/jam', '0.321', 'k-7'),
('sk-3', '110', '', 'CC', '0.214', 'k-2'),
('sk-30', '90', '100', 'km/jam', '0.214', 'k-7'),
('sk-31', '0', 'rata', '', '0.392', 'k-8'),
('sk-32', '0', 'tanjakan, turunan', '', '0.355', 'k-8'),
('sk-33', '0', 'batu-batuan', '', '0.71', 'k-8'),
('sk-34', '160', '', 'CC', '0.71', 'k-2'),
('sk-4', '125', '', 'CC', '0.25', 'k-2'),
('sk-5', '150', '', 'CC', '0.285', 'k-2'),
('sk-6', '155', '', 'CC', '10.7', 'k-2'),
('sk-7', '177', '233', 'CC', '0.35', 'k-2'),
('sk-8', '249', '', 'CC', '0.35', 'k-2'),
('sk-9', '82', '155', 'kmph', '0.392', 'k-3');

-- --------------------------------------------------------

--
-- Table structure for table `transaksi`
--

CREATE TABLE `transaksi` (
  `id_transaksi` char(10) NOT NULL,
  `id_midtrans` char(10) NOT NULL,
  `id_motor` char(10) NOT NULL,
  `stok_pemesanan` char(4) NOT NULL,
  `status_pemesanan` char(20) NOT NULL,
  `url_pentunjuk` char(250) NOT NULL,
  `id_pendaftaran` char(10) NOT NULL
) ENGINE=InnoDB DEFAULT CHARSET=utf8mb4 COLLATE=utf8mb4_general_ci;

--
-- Dumping data for table `transaksi`
--

INSERT INTO `transaksi` (`id_transaksi`, `id_midtrans`, `id_motor`, `stok_pemesanan`, `status_pemesanan`, `url_pentunjuk`, `id_pendaftaran`) VALUES
('pm-1', 'd59b5759-3', 'm-16', '', '1', '', 'p-2'),
('pm-2', '1f322728-6', 'm-11', '', '1', '', 'p-2'),
('pm-3', '37f40bb6-8', 'm-26', '', '1', '', 'p-2'),
('pm-4', '', 'm-48', '', '0', '', 'p-2');

--
-- Indexes for dumped tables
--

--
-- Indexes for table `kriteria`
--
ALTER TABLE `kriteria`
  ADD PRIMARY KEY (`id_kriteria`);

--
-- Indexes for table `kriteria_motor`
--
ALTER TABLE `kriteria_motor`
  ADD PRIMARY KEY (`id_kriteria_motor`);

--
-- Indexes for table `motor`
--
ALTER TABLE `motor`
  ADD PRIMARY KEY (`id_motor`);

--
-- Indexes for table `pendaftaran`
--
ALTER TABLE `pendaftaran`
  ADD PRIMARY KEY (`id_pendaftaran`);

--
-- Indexes for table `rekomendasi`
--
ALTER TABLE `rekomendasi`
  ADD PRIMARY KEY (`id_rekomendasi`);

--
-- Indexes for table `sub_kriteria`
--
ALTER TABLE `sub_kriteria`
  ADD PRIMARY KEY (`id_sub`);

--
-- Indexes for table `transaksi`
--
ALTER TABLE `transaksi`
  ADD PRIMARY KEY (`id_transaksi`);

--
-- AUTO_INCREMENT for dumped tables
--

--
-- AUTO_INCREMENT for table `rekomendasi`
--
ALTER TABLE `rekomendasi`
  MODIFY `id_rekomendasi` int(10) NOT NULL AUTO_INCREMENT, AUTO_INCREMENT=3632;
COMMIT;

/*!40101 SET CHARACTER_SET_CLIENT=@OLD_CHARACTER_SET_CLIENT */;
/*!40101 SET CHARACTER_SET_RESULTS=@OLD_CHARACTER_SET_RESULTS */;
/*!40101 SET COLLATION_CONNECTION=@OLD_COLLATION_CONNECTION */;
